Workbook

Sheet Informations générales
A1: Cahier de tests KYC
A3: Projet | B3: KYC
A4: Version | B4: 1.0
A5: Date | B5: 2026-08-24
A7: Note | B7: Fichier généré automatiquement car le fichier source Excel d'entrée n'était pas présent.

Sheet Cas de tests
A1: 8. CAS DE TESTS DÉTAILLÉS — ORGANISÉS PAR PROFIL UTILISATEUR
A2: Ordre de lecture : Agent de terrain (mobile) -> Agent backoffice (web) -> Superviseur -> Administrateur -> Utilisateur public. 86 cas de tests au total, réattribués et recontextualisés selon le rôle qui exécute l'action (5 profils).
A3: ID | B3: Rôle utilisateur | C3: Catégorie | D3: Fonction | E3: Priorité | F3: Objectif | G3: Préconditions | H3: Étapes | I3: Résultat attendu | J3: Statut | K3: Commentaires / Bug lié
A4: AGT-T-01 | B4: Agent de terrain (application mobile) | C4: Authentification et sécurité | D4: Connexion valide (mobile) | E4: P0 | F4: Vérifier qu'un agent de terrain peut se connecter sur l'application mobile | G4: Compte agent actif (AG001) | H4: Saisir identifiant et mot de passe valides sur l'application mobile | I4: Connexion réussie, token généré, accès à l'interface de terrain | J4: À exécuter | K4: Réf. originale : AUTH-01
A5: AGT-T-02 | B5: Agent de terrain (application mobile) | C5: Authentification et sécurité | D5: Connexion invalide (mobile) | E5: P0 | F5: Vérifier la gestion des identifiants incorrects sur mobile | G5: Compte agent existant | H5: Saisir un mot de passe erroné sur l'application mobile | I5: Erreur affichée, aucune session créée | J5: À exécuter | K5: Réf. originale : AUTH-02
A6: AGT-T-03 | B6: Agent de terrain (application mobile) | C6: Authentification et sécurité | D6: Déconnexion (mobile) | E6: P0 | F6: Vérifier la fin de session sur l'application mobile | G6: Agent terrain connecté | H6: Cliquer sur déconnexion | I6: Session terminée, accès refusé après déconnexion | J6: À exécuter | K6: Réf. originale : AUTH-03
A7: AGT-T-04 | B7: Agent de terrain (application mobile) | C7: Authentification et sécurité | D7: Changement de mot de passe (mobile) | E7: P1 | F7: Vérifier la mise à jour du mot de passe depuis l'application mobile | G7: Agent terrain connecté | H7: Changer le mot de passe via l'interface mobile | I7: Mot de passe modifié, nouvelle connexion possible | J7: À exécuter | K7: Réf. originale : AUTH-04
A8: AGT-T-05 | B8: Agent de terrain (application mobile) | C8: Authentification et sécurité | D8: Session expirée / relance automatique | E8: P1 | F8: Vérifier la reprise de session après expiration de token ou timeout réseau | G8: Agent connecté puis session expirée | H8: Rester inactif, réessayer une action, relancer l'application | I8: Le système redemande une authentification si nécessaire et ne casse pas la session active | J8: À exécuter | K8: Sécurité / reconnexion mobile
A9: AGT-T-06 | B9: Agent de terrain (application mobile) | C9: Gestion des dossiers | D9: Création d'un dossier depuis l'application mobile | E9: P0 | F9: Vérifier la création complète d'un dossier par un agent d'acquisition | G9: Application mobile installée, agent terrain connecté | H9: Se connecter sur l'app mobile, saisir les données du dossier, joindre les documents/photos, valider | I9: Dossier créé avec succès, données persistées, statut initial correct | J9: À exécuter | K9: Réf. originale : DOS-01A
A10: AGT-T-07 | B10: Agent de terrain (application mobile) | C10: Gestion des dossiers | D10: Saisie partielle puis reprise | E10: P0 | F10: Vérifier la reprise d'un dossier incomplet après fermeture ou perte de connexion | G10: Formulaire incomplet en cours de saisie | H10: Fermer l'application, revenir plus tard ou reconnecter, reprendre le dossier | I10: Les données non finales sont sauvegardées ou clairement restaurées sans perte | J10: À exécuter | K10: Récupération mobile
A11: AGT-T-08 | B11: Agent de terrain (application mobile) | C11: Gestion des dossiers | D11: Validation des champs obligatoires | E11: P0 | F11: Vérifier le blocage des données incomplètes ou invalides | G11: Agent terrain connecté | H11: Soumettre un dossier avec champs vides, numéros invalides, dates impossibles | I11: Le système affiche les erreurs attendues et empêche la soumission | J11: À exécuter | K11: Validation métier
A12: AGT-T-09 | B12: Agent de terrain (application mobile) | C12: Gestion des dossiers | D12: Upload photo CNI / recto / verso / selfie | E12: P0 | F12: Vérifier la prise et l'upload des captures documentaires sur mobile | G12: Dossier en cours, autorisations caméra & stockage accordées | H12: Prendre les photos, vérifier la qualité, charger et confirmer | I12: Toutes les photos sont enregistrées, liées au dossier, puis visibles dans le détail | J12: À exécuter | K12: Capture / OCR
A13: AGT-T-10 | B13: Agent de terrain (application mobile) | C13: Gestion des dossiers | D13: OCR / extraction automatique depuis photo doc | E13: P0 | F13: Vérifier la récupération des données depuis l'OCR ou la préremplissage côté mobile | G13: Photo d'identité valide présente | H13: Lancer l'OCR automatique depuis l'interface mobile | I13: Les champs détectés sont préremplis et les valeurs sont cohérentes ; les zones non fiables restent modifiables | J13: À exécuter | K13: Extraction de données
A14: AGT-T-11 | B14: Agent de terrain (application mobile) | C14: Gestion des dossiers | D14: Fallback OCR indisponible / erreur réseau | E14: P1 | F14: Vérifier le comportement si l'OCR ne répond pas ou AWSTextract est indisponible | G14: Service OCR temporairement indisponible ou réseau instable | H14: Actionner l'OCR et tenter ensuite la saisie manuelle | I14: L'application affiche un message explicite, permet la saisie manuelle et évite un blocage total | J14: À exécuter | K14: Robustesse / fallback
... A16: AGT-T-13 | B16: Agent de terrain (application mobile) | C16: Vérification faciale et liveness | D16: Cas d'échec liveness (capture terrain) | E16: P1 | F16: Vérifier la gestion d'un échec de capture liveness sur le terrain | G16: Session liveness en cours sur mobile | H16: Simuler un échec de validation pendant la capture | I16: Erreur explicitement remontée à l'agent et au système | J16: À exécuter | K16: Réf. originale : LIV-04
A17: AGT-T-14 | B17: Agent de terrain (application mobile) | C17: Vérification faciale et liveness | D17: Liveness avec mauvaise luminosité / visage masqué / mouvement | E17: P1 | F17: Vérifier les cas de rejet de liveness par qualité de capture | G17: Exécuter des captures avec mauvais éclairage, masque, angle incorrect, mouvement excessif | H17: Système rejette correctement et guide l'utilisateur vers une nouvelle capture | I17: Qualité de capture | J17: À exécuter
A18: AGT-T-15 | B18: Agent de terrain (application mobile) | C18: GSM / Gross Add | D18: Création d'une saisie GSM | E18: P0 | F18: Vérifier la création d'une nouvelle saisie GSM par l'agent terrain | G18: Agent terrain connecté | H18: Remplir les champs requis et valider depuis le terrain | I18: Saisie enregistrée et visible dans la liste | J18: À exécuter | K18: Réf. originale : GSM-01
A19: AGT-T-16 | B19: Agent de terrain (application mobile) | C19: GSM / Gross Add | D19: Modification d'une saisie | E19: P1 | F19: Vérifier la mise à jour d'une saisie existante | G19: Saisie existante créée par l'agent | H19: Modifier un champ et sauvegarder | I19: Mise à jour persistée | J19: À exécuter | K19: Réf. originale : GSM-02
A20: AGT-T-17 | B20: Agent de terrain (application mobile) | C20: GSM / Gross Add | D20: Suppression d'une saisie | E20: P1 | F20: Vérifier le retrait d'une saisie par l'agent terrain | G20: Saisie existante | H20: Supprimer la saisie | I20: Saisie retirée de la liste et de la base | J20: À exécuter | K20: Réf. originale : GSM-03
A21: AGT-T-18 | B21: Agent de terrain (application mobile) | C21: GSM / Gross Add | D21: Upload de captures | E21: P1 | F21: Vérifier l'ajout de fichiers/photos associés à une saisie | G21: Saisie en cours sur le terrain | H21: Ajouter une ou plusieurs captures (photos) | I21: Fichiers stockés et liés à la saisie | J21: À exécuter | K21: Réf. originale : GSM-04
A22: AGT-T-19 | B22: Agent de terrain (application mobile) | C22: Présence et planning | D22: Heartbeat de présence (terrain) | E22: P0 | F22: Vérifier la mise à jour du statut de présence depuis le terrain | G22: Agent terrain connecté sur mobile | H22: Envoyer un heartbeat depuis l'application mobile | I22: Statut mis à jour avec horodatage | J22: À exécuter | K22: Réf. originale : PRE-01
A23: AGT-T-20 | B23: Agent de terrain (application mobile) | C23: Présence et planning | D23: Changement de statut (terrain) | E23: P1 | F23: Vérifier la modification manuelle du statut de présence | G23: Agent terrain connecté | H23: Changer le statut depuis l'application mobile | I23: Nouveau statut visible dans le tableau de bord | J23: À exécuter | K23: Réf. originale : PRE-02
A24: AGT-T-21 | B24: Agent de terrain (application mobile) | C24: Présence et planning | D24: Statut hors ligne / reconnexion mobile | E24: P1 | F24: Vérifier qu'un agent perdu de réseau ne reste pas marqué comme actif sans raison | G24: Agent mobile connecté puis réseau coupé | H24: Couper puis rétablir le réseau, attendre le heartbeat/reconnect | I24: Le système ajuste le statut sans données incohérentes ni faux positifs | J24: À exécuter | K24: Disponibilité mobile
A25: AGT-T-22 | B25: Agent de terrain (application mobile) | C25: Réseau / robustesse | D25: Coupure réseau pendant upload | E25: P0 | F25: Vérifier la reprise d'un upload interrompu ou la gestion explicite de l'échec | G25: Fichier photo ou dossier en cours de soumission | H25: Couper le réseau pendant l'envoi, rétablir, relancer la soumission | I25: Le système n'envoie pas de données partielles corrompues et propose une reprise claire | J25: À exécuter | K25: Réseau / résilience
A26: AGT-T-23 | B26: Agent de terrain (application mobile) | C26: Réseau / robustesse | D26: Timeout d'API / retour faible | E26: P1 | F26: Vérifier le comportement sur réseau lent ou instable | G26: Mobile en 3G / 4G faible | H26: Lancer un OCR, un upload et une validation complète | I26: Messages de chargement sont corrects et le système ne se bloque pas | J26: À exécuter | K26: Qualité réseau
A27: AGT-T-24 | B27: Agent de terrain (application mobile) | C27: Réseau / robustesse | D27: App en arrière-plan / reprise | E27: P1 | F27: Vérifier la reprise de l'application après mise en pause ou fermeture | G27: Session active sur mobile | H27: Mettre l'application en arrière-plan, la réouvrir plus tard | I27: L'utilisateur retrouve l'état correct et le flux de travail reprend sans corruption | J27: À exécuter | K27: UX / reprise
A28: AGT-T-25 | B28: Agent de terrain (application mobile) | C28: GSM / Gross Add | D28: Consultation des stats personnelles | E28: P1 | F28: Vérifier les indicateurs de performance de l'agent terrain | G28: Agent terrain connecté | H28: Ouvrir la vue stats / tableau personnel | I28: Statistiques calculées correctement | J28: À exécuter | K28: Réf. originale : GSM-05
A29: AGT-B-01 | B29: Agent backoffice (frontend web) | C29: Authentification et sécurité | D29: Connexion valide (web) | E29: P0 | F29: Vérifier qu'un agent backoffice peut se connecter sur le frontend web | G29: Compte agent actif (AG001) | H29: Saisir identifiant et mot de passe valides sur le frontend web | I29: Connexion réussie, token généré, redirection vers le tableau agent | J29: À exécuter | K29: Réf. originale : AUTH-01
... A89: PUB-16 | B89: Utilisateur public | C89: Sécurité / confidentialité | D89: Données sensibles masquées | E89: P1 | F89: Vérifier que les données sensibles sont masquées dans les écrans publics et logs | G89: Parcours public et données de test | H89: Vérifier les contenus affichés et journaux d'erreur | I89: Aucune donnée confidentielle n'apparaît en clair dans les messages d'erreur, logs ou interfaces publiques | J89: À exécuter | K89: Confidentialité

Sheet Environnements & rôles
A15: ☐ Comptes de test disponibles : admin, superviseur, agent (terrain & backoffice)
A21: Agent de terrain | B21: Acquisition mobile : création de dossier, capture photo/CNI, liveness, saisie GSM, présence (compte AG001 sur application mobile)
A22: Agent backoffice | B22: Traitement web post-acquisition : prise en charge, acceptation/rejet, transfert, consultation dossiers, appel vidéo (compte AG001 sur frontend web)
A23: Utilisateur public | B23: Dépôt terrain, liveness session

Sheet Données de test
A7: Agent (terrain - mobile) | B7: AG001 | C7: KYCAG001#Reset
A8: Agent (backoffice - web) | B8: AG001 | C8: KYCAG001#Reset

Sheet Tableau de bord
A1: TABLEAU DE BORD — SUIVI D'EXÉCUTION
A2: Mise à jour automatique — 86 cas de tests répartis sur 5 profils utilisateur (Agent de terrain (application mobile), Agent backoffice (frontend web), Superviseur, Administrateur, Utilisateur public)
A4: SYNTHÈSE GLOBALE
A6: Total tests | B6: Tests P0 | C6: Tests P1 | D6: Tests P2 | E6: Réussis | F6: Échoués | G6: Bloqués | H6: À exécuter
A7: =COUNTA('Cas de tests'!A4:A89) | B7: =COUNTIF('Cas de tests'!E4:E89,"P0") | C7: =COUNTIF('Cas de tests'!E4:E89,"P1") | D7: =COUNTIF('Cas de tests'!E4:E89,"P2") | E7: =COUNTIF('Cas de tests'!J4:J89,"Réussi") | F7: =COUNTIF('Cas de tests'!J4:J89,"Échoué") | G7: =COUNTIF('Cas de tests'!J4:J89,"Bloqué") | H7: =COUNTIF('Cas de tests'!J4:J89,"À exécuter")
A9: Taux de réussite global | B9: Taux de réussite P0 | C9: Non applicables
A10: =IFERROR(COUNTIF('Cas de tests'!J4:J89,"Réussi")/COUNTA('Cas de tests'!A4:A89),0) | B10: =IFERROR(COUNTIFS('Cas de tests'!E4:E89,"P0",'Cas de tests'!J4:J89,"Réussi")/COUNTIF('Cas de tests'!E4:E89,"P0"),0) | C10: =COUNTIF('Cas de tests'!J4:J89,"Non applicable")
A12: RÉPARTITION PAR PROFIL UTILISATEUR
A13: Rôle utilisateur | B13: Total | C13: P0 | D13: Réussis | E13: Échoués | F13: Bloqués | G13: À exécuter | H13: Taux réussite
A14: Agent de terrain (application mobile) | B14: =COUNTIF('Cas de tests'!B4:B89,"Agent de terrain (application mobile)") | C14: =COUNTIFS('Cas de tests'!B4:B89,"Agent de terrain (application mobile)",'Cas de tests'!E4:E89,"P0") | D14: =COUNTIFS('Cas de tests'!B4:B89,"Agent de terrain (application mobile)",'Cas de tests'!J4:J89,"Réussi") | E14: =COUNTIFS('Cas de tests'!B4:B89,"Agent de terrain (application mobile)",'Cas de tests'!J4:J89,"Échoué") | F14: =COUNTIFS('Cas de tests'!B4:B89,"Agent de terrain (application mobile)",'Cas de tests'!J4:J89,"Bloqué") | G14: =COUNTIFS('Cas de tests'!B4:B89,"Agent de terrain (application mobile)",'Cas de tests'!J4:J89,"À exécuter") | H14: =IFERROR(D14/B14,0)
A15: Agent backoffice (frontend web) | B15: =COUNTIF('Cas de tests'!B4:B89,"Agent backoffice (frontend web)") | C15: =COUNTIFS('Cas de tests'!B4:B89,"Agent backoffice (frontend web)",'Cas de tests'!E4:E89,"P0") | D15: =COUNTIFS('Cas de tests'!B4:B89,"Agent backoffice (frontend web)",'Cas de tests'!J4:J89,"Réussi") | E15: =COUNTIFS('Cas de tests'!B4:B89,"Agent backoffice (frontend web)",'Cas de tests'!J4:J89,"Échoué") | F15: =COUNTIFS('Cas de tests'!B4:B89,"Agent backoffice (frontend web)",'Cas de tests'!J4:J89,"Bloqué") | G15: =COUNTIFS('Cas de tests'!B4:B89,"Agent backoffice (frontend web)",'Cas de tests'!J4:J89,"À exécuter") | H15: =IFERROR(D15/B15,0)
A16: Superviseur | B16: =COUNTIF('Cas de tests'!B4:B89,"Superviseur") | C16: =COUNTIFS('Cas de tests'!B4:B89,"Superviseur",'Cas de tests'!E4:E89,"P0") | D16: =COUNTIFS('Cas de tests'!B4:B89,"Superviseur",'Cas de tests'!J4:J89,"Réussi") | E16: =COUNTIFS('Cas de tests'!B4:B89,"Superviseur",'Cas de tests'!J4:J89,"Échoué") | F16: =COUNTIFS('Cas de tests'!B4:B89,"Superviseur",'Cas de tests'!J4:J89,"Bloqué") | G16: =COUNTIFS('Cas de tests'!B4:B89,"Superviseur",'Cas de tests'!J4:J89,"À exécuter") | H16: =IFERROR(D16/B16,0)
A17: Administrateur | B17: =COUNTIF('Cas de tests'!B4:B89,"Administrateur") | C17: =COUNTIFS('Cas de tests'!B4:B89,"Administrateur",'Cas de tests'!E4:E89,"P0") | D17: =COUNTIFS('Cas de tests'!B4:B89,"Administrateur",'Cas de tests'!J4:J89,"Réussi") | E17: =COUNTIFS('Cas de tests'!B4:B89,"Administrateur",'Cas de tests'!J4:J89,"Échoué") | F17: =COUNTIFS('Cas de tests'!B4:B89,"Administrateur",'Cas de tests'!J4:J89,"Bloqué") | G17: =COUNTIFS('Cas de tests'!B4:B89,"Administrateur",'Cas de tests'!J4:J89,"À exécuter") | H17: =IFERROR(D17/B17,0)
A18: Utilisateur public | B18: =COUNTIF('Cas de tests'!B4:B89,"Utilisateur public") | C18: =COUNTIFS('Cas de tests'!B4:B89,"Utilisateur public",'Cas de tests'!E4:E89,"P0") | D18: =COUNTIFS('Cas de tests'!B4:B89,"Utilisateur public",'Cas de tests'!J4:J89,"Réussi") | E18: =COUNTIFS('Cas de tests'!B4:B89,"Utilisateur public",'Cas de tests'!J4:J89,"Échoué") | F18: =COUNTIFS('Cas de tests'!B4:B89,"Utilisateur public",'Cas de tests'!J4:J89,"Bloqué") | G18: =COUNTIFS('Cas de tests'!B4:B89,"Utilisateur public",'Cas de tests'!J4:J89,"À exécuter") | H18: =IFERROR(D18/B18,0)
A20: RÉPARTITION PAR CATÉGORIE FONCTIONNELLE
A21: Catégorie | B21: Total | C21: Réussis | D21: Échoués | E21: Bloqués | F21: À exécuter
A22: Authentification et sécurité | B22: =COUNTIF('Cas de tests'!C4:C89,"Authentification et sécurité") | C22: =COUNTIFS('Cas de tests'!C4:C89,"Authentification et sécurité",'Cas de tests'!J4:J89,"Réussi") | D22: =COUNTIFS('Cas de tests'!C4:C89,"Authentification et sécurité",'Cas de tests'!J4:J89,"Échoué") | E22: =COUNTIFS('Cas de tests'!C4:C89,"Authentification et sécurité",'Cas de tests'!J4:J89,"Bloqué") | F22: =COUNTIFS('Cas de tests'!C4:C89,"Authentification et sécurité",'Cas de tests'!J4:J89,"À exécuter")
A23: Gestion des dossiers | B23: =COUNTIF('Cas de tests'!C4:C89,"Gestion des dossiers") | C23: =COUNTIFS('Cas de tests'!C4:C89,"Gestion des dossiers",'Cas de tests'!J4:J89,"Réussi") | D23: =COUNTIFS('Cas de tests'!C4:C89,"Gestion des dossiers",'Cas de tests'!J4:J89,"Échoué") | E23: =COUNTIFS('Cas de tests'!C4:C89,"Gestion des dossiers",'Cas de tests'!J4:J89,"Bloqué") | F23: =COUNTIFS('Cas de tests'!C4:C89,"Gestion des dossiers",'Cas de tests'!J4:J89,"À exécuter")
A24: Vérification faciale et liveness | B24: =COUNTIF('Cas de tests'!C4:C89,"Vérification faciale et liveness") | C24: =COUNTIFS('Cas de tests'!C4:C89,"Vérification faciale et liveness",'Cas de tests'!J4:J89,"Réussi") | D24: =COUNTIFS('Cas de tests'!C4:C89,"Vérification faciale et liveness",'Cas de tests'!J4:J89,"Échoué") | E24: =COUNTIFS('Cas de tests'!C4:C89,"Vérification faciale et liveness",'Cas de tests'!J4:J89,"Bloqué") | F24: =COUNTIFS('Cas de tests'!C4:C89,"Vérification faciale et liveness",'Cas de tests'!J4:J89,"À exécuter")
A25: GSM / Gross Add | B25: =COUNTIF('Cas de tests'!C4:C89,"GSM / Gross Add") | C25: =COUNTIFS('Cas de tests'!C4:C89,"GSM / Gross Add",'Cas de tests'!J4:J89,"Réussi") | D25: =COUNTIFS('Cas de tests'!C4:C89,"GSM / Gross Add",'Cas de tests'!J4:J89,"Échoué") | E25: =COUNTIFS('Cas de tests'!C4:C89,"GSM / Gross Add",'Cas de tests'!J4:J89,"Bloqué") | F25: =COUNTIFS('Cas de tests'!C4:C89,"GSM / Gross Add",'Cas de tests'!J4:J89,"À exécuter")
A26: Présence et planning | B26: =COUNTIF('Cas de tests'!C4:C89,"Présence et planning") | C26: =COUNTIFS('Cas de tests'!C4:C89,"Présence et planning",'Cas de tests'!J4:J89,"Réussi") | D26: =COUNTIFS('Cas de tests'!C4:C89,"Présence et planning",'Cas de tests'!J4:J89,"Échoué") | E26: =COUNTIFS('Cas de tests'!C4:C89,"Présence et planning",'Cas de tests'!J4:J89,"Bloqué") | F26: =COUNTIFS('Cas de tests'!C4:C89,"Présence et planning",'Cas de tests'!J4:J89,"À exécuter")
A27: Administration et configuration | B27: =COUNTIF('Cas de tests'!C4:C89,"Administration et configuration") | C27: =COUNTIFS('Cas de tests'!C4:C89,"Administration et configuration",'Cas de tests'!J4:J89,"Réussi") | D27: =COUNTIFS('Cas de tests'!C4:C89,"Administration et configuration",'Cas de tests'!J4:J89,"Échoué") | E27: =COUNTIFS('Cas de tests'!C4:C89,"Administration et configuration",'Cas de tests'!J4:J89,"Bloqué") | F27: =COUNTIFS('Cas de tests'!C4:C89,"Administration et configuration",'Cas de tests'!J4:J89,"À exécuter")
A28: Intégration API et robustesse | B28: =COUNTIF('Cas de tests'!C4:C89,"Intégration API et robustesse") | C28: =COUNTIFS('Cas de tests'!C4:C89,"Intégration API et robustesse",'Cas de tests'!J4:J89,"Réussi") | D28: =COUNTIFS('Cas de tests'!C4:C89,"Intégration API et robustesse",'Cas de tests'!J4:J89,"Échoué") | E28: =COUNTIFS('Cas de tests'!C4:C89,"Intégration API et robustesse",'Cas de tests'!J4:J89,"Bloqué") | F28: =COUNTIFS('Cas de tests'!C4:C89,"Intégration API et robustesse",'Cas de tests'!J4:J89,"À exécuter")
A29: Parcours public / onboarding | B29: =COUNTIF('Cas de tests'!C4:C89,"Parcours public / onboarding") | C29: =COUNTIFS('Cas de tests'!C4:C89,"Parcours public / onboarding",'Cas de tests'!J4:J89,"Réussi") | D29: =COUNTIFS('Cas de tests'!C4:C89,"Parcours public / onboarding",'Cas de tests'!J4:J89,"Échoué") | E29: =COUNTIFS('Cas de tests'!C4:C89,"Parcours public / onboarding",'Cas de tests'!J4:J89,"Bloqué") | F29: =COUNTIFS('Cas de tests'!C4:C89,"Parcours public / onboarding",'Cas de tests'!J4:J89,"À exécuter")
A30: Sécurité / confidentialité | B30: =COUNTIF('Cas de tests'!C4:C89,"Sécurité / confidentialité") | C30: =COUNTIFS('Cas de tests'!C4:C89,"Sécurité / confidentialité",'Cas de tests'!J4:J89,"Réussi") | D30: =COUNTIFS('Cas de tests'!C4:C89,"Sécurité / confidentialité",'Cas de tests'!J4:J89,"Échoué") | E30: =COUNTIFS('Cas de tests'!C4:C89,"Sécurité / confidentialité",'Cas de tests'!J4:J89,"Bloqué") | F30: =COUNTIFS('Cas de tests'!C4:C89,"Sécurité / confidentialité",'Cas de tests'!J4:J89,"À exécuter")
A31: Réseau / robustesse | B31: =COUNTIF('Cas de tests'!C4:C89,"Réseau / robustesse") | C31: =COUNTIFS('Cas de tests'!C4:C89,"Réseau / robustesse",'Cas de tests'!J4:J89,"Réussi") | D31: =COUNTIFS('Cas de tests'!C4:C89,"Réseau / robustesse",'Cas de tests'!J4:J89,"Échoué") | E31: =COUNTIFS('Cas de tests'!C4:C89,"Réseau / robustesse",'Cas de tests'!J4:J89,"Bloqué") | F31: =COUNTIFS('Cas de tests'!C4:C89,"Réseau / robustesse",'Cas de tests'!J4:J89,"À exécuter")
A33: Ce tableau se met à jour automatiquement selon les statuts saisis dans l'onglet « Cas de tests ». Toutes les valeurs ci-dessus sont calculées par formule (COUNTA / COUNTIF / COUNTIFS) — aucune saisie manuelle requise.
